﻿pos_x,pos_y,rotation,side,designator,mpn,pack,value,mount_type,place
48.903627,-46.14591,-135.0,top,TP1,,TestPoint_Pad_2.0x2.0mm,TestPoint,tht,True
93.85409,-48.903627,135.0,top,TP10,,TestPoint_Pad_2.0x2.0mm,TestPoint,tht,True
91.096373,-46.14591,135.0,top,TP11,,TestPoint_Pad_2.0x2.0mm,TestPoint,tht,True
90.21249,-49.78751,135.0,top,TP12,,TestPoint_Pad_1.0x1.0mm,TestPoint,tht,True
46.14591,-48.903627,-135.0,top,TP2,,TestPoint_Pad_2.0x2.0mm,TestPoint,tht,True
49.78751,-49.78751,-135.0,top,TP3,,TestPoint_Pad_1.0x1.0mm,TestPoint,tht,True
46.166408,-91.075875,-45.0,top,TP4,,TestPoint_Pad_2.0x2.0mm,TestPoint,tht,True
48.924125,-93.833592,-45.0,top,TP5,,TestPoint_Pad_2.0x2.0mm,TestPoint,tht,True
49.808008,-90.191992,-45.0,top,TP6,,TestPoint_Pad_1.0x1.0mm,TestPoint,tht,True
91.096373,-93.85409,45.0,top,TP7,,TestPoint_Pad_2.0x2.0mm,TestPoint,tht,True
93.85409,-91.096373,45.0,top,TP8,,TestPoint_Pad_2.0x2.0mm,TestPoint,tht,True
90.21249,-90.21249,45.0,top,TP9,,TestPoint_Pad_1.0x1.0mm,TestPoint,tht,True
70.0,-37.5,0.0,top,kibuzzard-6643D5B9,,kibuzzard-6643D5B9,G***,tht,False
70.0,-102.0,180.0,top,kibuzzard-6643D605,,kibuzzard-6643D605,G***,tht,False
90.1856,-46.3,180.0,bottom,kibuzzard-6643D800,,kibuzzard-6643D800,G***,tht,False
69.8,-70.0,180.0,bottom,kibuzzard-664B60AC,,kibuzzard-664B60AC,G***,tht,False
